{"Training Loss": 9.525938987731934, "Global Step": 9, "_timestamp": 1704888166.7516084, "_runtime": 30.27683925628662, "_step": 9, "_wandb": {"runtime": 28}}