{"Training Loss": 9.104504585266113, "Global Step": 16, "_timestamp": 1704830077.0135252, "_runtime": 38.23538613319397, "_step": 16, "_wandb": {"runtime": 35}}